{"cameraMode":{"drawMode":0,"name":"Shaded","section":"Shading Mode"},"sceneLighting":false,"audioPlay":false,"sceneViewState":{"showFog":true,"showMaterialUpdate":true,"showSkybox":false,"showFlares":true,"showImageEffects":true,"showParticleSystems":true},"in2DMode":false,"pivot":{"x":-0.9968015551567078,"y":2.5994110107421877,"z":0.5},"rotation":{"x":0.023383893072605134,"y":-0.9759374260902405,"z":0.17185646295547486,"w":0.13253569602966309},"size":2.763845205307007,"orthographic":true}