{"cameraMode":{"drawMode":0,"name":"Shaded","section":"Shading Mode"},"sceneLighting":false,"audioPlay":false,"sceneViewState":{"showFog":true,"showMaterialUpdate":false,"showSkybox":false,"showFlares":true,"showImageEffects":true,"showParticleSystems":true},"in2DMode":false,"pivot":{"x":1.0000004768371583,"y":2.611499786376953,"z":0.5},"rotation":{"x":0.1449400931596756,"y":-0.025227835401892663,"z":0.003696775995194912,"w":0.9891123175621033},"size":2.73391056060791,"orthographic":false}