{"cameraMode":{"drawMode":0,"name":"Shaded","section":"Shading Mode"},"sceneLighting":false,"audioPlay":false,"sceneViewState":{"showFog":true,"showMaterialUpdate":false,"showSkybox":false,"showFlares":true,"showImageEffects":true,"showParticleSystems":true},"in2DMode":false,"pivot":{"x":-1.292818546295166,"y":0.4796104431152344,"z":1.861746907234192},"rotation":{"x":0.1946909874677658,"y":-0.6201801300048828,"z":0.16265951097011567,"w":0.7423098087310791},"size":10.134047508239746,"orthographic":false}