{"cameraMode":{"drawMode":0,"name":"Shaded","section":"Shading Mode"},"sceneLighting":true,"audioPlay":false,"sceneViewState":{"showFog":true,"showMaterialUpdate":true,"showSkybox":true,"showFlares":true,"showImageEffects":true,"showParticleSystems":true},"in2DMode":false,"pivot":{"x":2.3469395637512209,"y":-0.33950453996658327,"z":3.227534770965576},"rotation":{"x":0.07596217840909958,"y":0.23784992098808289,"z":-0.01869751513004303,"w":0.9681605696678162},"size":7.654969692230225,"orthographic":false}