{"cameraMode":{"drawMode":0,"name":"Shaded","section":"Shading Mode"},"sceneLighting":true,"audioPlay":false,"sceneViewState":{"showFog":true,"showMaterialUpdate":true,"showSkybox":true,"showFlares":true,"showImageEffects":true,"showParticleSystems":true},"in2DMode":false,"pivot":{"x":2.408383846282959,"y":-4.112170696258545,"z":1.823390245437622},"rotation":{"x":-0.2574489414691925,"y":0.7314148545265198,"z":-0.36585649847984316,"w":-0.5146907567977905},"size":15.27463436126709,"orthographic":false}