{"cameraMode":{"drawMode":0,"name":"Shaded","section":"Shading Mode"},"sceneLighting":false,"audioPlay":false,"sceneViewState":{"showFog":true,"showMaterialUpdate":false,"showSkybox":false,"showFlares":true,"showImageEffects":true,"showParticleSystems":true},"in2DMode":false,"pivot":{"x":0.6626492738723755,"y":-2.177577018737793,"z":-0.27253198623657229},"rotation":{"x":0.38077476620674136,"y":0.61789470911026,"z":-0.5115331411361694,"w":0.45995354652404787},"size":7.552192211151123,"orthographic":false}