{"cameraMode":{"drawMode":0,"name":"Shaded","section":"Shading Mode"},"sceneLighting":false,"audioPlay":false,"sceneViewState":{"showFog":true,"showMaterialUpdate":true,"showSkybox":false,"showFlares":true,"showImageEffects":true,"showParticleSystems":true},"in2DMode":false,"pivot":{"x":-5.0,"y":2.380499839782715,"z":0.5494999885559082},"rotation":{"x":-0.036215271800756457,"y":0.932165265083313,"z":-0.09709774702787399,"w":-0.3470280170440674},"size":2.1644017696380617,"orthographic":true}