{"cameraMode":{"drawMode":0,"name":"Shaded","section":"Shading Mode"},"sceneLighting":false,"audioPlay":false,"sceneViewState":{"showFog":true,"showMaterialUpdate":true,"showSkybox":false,"showFlares":true,"showImageEffects":true,"showParticleSystems":true},"in2DMode":false,"pivot":{"x":-0.9968015551567078,"y":2.5994110107421877,"z":0.5},"rotation":{"x":0.2480127215385437,"y":-0.038081005215644839,"z":0.009724431671202183,"w":0.9680091142654419},"size":2.763845205307007,"orthographic":true}