{"cameraMode":{"drawMode":0,"name":"Shaded","section":"Shading Mode"},"sceneLighting":false,"audioPlay":false,"sceneViewState":{"showFog":false,"showMaterialUpdate":false,"showSkybox":false,"showFlares":false,"showImageEffects":false,"showParticleSystems":false},"in2DMode":false,"pivot":{"x":-2.552496910095215,"y":-0.000003069639205932617,"z":0.3350791931152344},"rotation":{"x":0.40441301465034487,"y":0.07667984813451767,"z":-0.03405455872416496,"w":0.910731315612793},"size":44.67919158935547,"orthographic":false}