{"cameraMode":{"drawMode":0,"name":"Shaded","section":"Shading Mode"},"sceneLighting":false,"audioPlay":false,"sceneViewState":{"showFog":false,"showMaterialUpdate":false,"showSkybox":false,"showFlares":false,"showImageEffects":false,"showParticleSystems":false},"in2DMode":false,"pivot":{"x":2.999999761581421,"y":2.4079999923706056,"z":2.499999761581421},"rotation":{"x":0.1218784749507904,"y":0.7206780910491943,"z":-0.1311393827199936,"w":0.6697626709938049},"size":2.1672439575195314,"orthographic":true}