{"cameraMode":{"drawMode":0,"name":"Shaded","section":"Shading Mode"},"sceneLighting":true,"audioPlay":false,"sceneViewState":{"showFog":false,"showMaterialUpdate":false,"showSkybox":false,"showFlares":false,"showImageEffects":false,"showParticleSystems":false},"in2DMode":false,"pivot":{"x":3.648881196975708,"y":0.9463049173355103,"z":2.3134765625},"rotation":{"x":0.007499679457396269,"y":0.00749946478754282,"z":-0.00005595413313130848,"w":0.999944806098938},"size":2.5134048461914064,"orthographic":true}