{"cameraMode":{"drawMode":0,"name":"Shaded","section":"Shading Mode"},"sceneLighting":true,"audioPlay":false,"sceneViewState":{"showFog":false,"showMaterialUpdate":false,"showSkybox":false,"showFlares":false,"showImageEffects":false,"showParticleSystems":false},"in2DMode":false,"pivot":{"x":-5.0,"y":2.380499839782715,"z":0.5494999885559082},"rotation":{"x":0.14781945943832398,"y":0.8521665930747986,"z":-0.35178184509277346,"w":0.3580787181854248},"size":2.1644017696380617,"orthographic":true}