{"cameraMode":{"drawMode":0,"name":"Shaded","section":"Shading Mode"},"sceneLighting":false,"audioPlay":false,"sceneViewState":{"showFog":false,"showMaterialUpdate":false,"showSkybox":false,"showFlares":false,"showImageEffects":false,"showParticleSystems":false},"in2DMode":false,"pivot":{"x":-5.0,"y":2.380499839782715,"z":0.5494999885559082},"rotation":{"x":-0.020012466236948968,"y":-0.9646856784820557,"z":0.07685373723506928,"w":-0.25116458535194399},"size":2.1644017696380617,"orthographic":true}